id,tipo,ip_address,user_agent,ultima_conexion
DEV-0000,computadora,10.121.11.248,Opera/8.71.(Windows NT 6.1; sq-ML) Presto/2.9.185 Version/10.00,2026-04-11 18:51:53
DEV-0001,movil,194.105.14.187,"Mozilla/5.0 (Macintosh; PPC Mac OS X 10_5_6 rv:6.0; fo-FO) AppleWebKit/531.26.4 (KHTML, like Gecko) Version/5.0.4 Safari/531.26.4",2026-05-02 13:37:13
DEV-0002,computadora,86.149.5.50,Opera/8.93.(X11; Linux x86_64; mag-IN) Presto/2.9.169 Version/12.00,2026-04-18 13:45:42
DEV-0003,movil,13.73.227.190,"Mozilla/5.0 (iPod; U; CPU iPhone OS 4_3 like Mac OS X; tl-PH) AppleWebKit/534.27.6 (KHTML, like Gecko) Version/3.0.5 Mobile/8B113 Safari/6534.27.6",2026-04-15 16:27:36
DEV-0004,computadora,155.164.129.86,Opera/8.66.(X11; Linux x86_64; es-HN) Presto/2.9.165 Version/12.00,2026-04-13 03:09:55
DEV-0005,movil,27.204.70.29,Mozilla/5.0 (Macintosh; PPC Mac OS X 10_6_6; rv:1.9.6.20) Gecko/8452-03-03 17:23:03 Firefox/3.8,2026-04-21 23:31:21
DEV-0006,computadora,162.234.198.84,"Mozilla/5.0 (Macintosh; Intel Mac OS X 10_5_1 rv:4.0; sv-FI) AppleWebKit/535.49.4 (KHTML, like Gecko) Version/5.0 Safari/535.49.4",2026-04-28 09:35:49
DEV-0007,computadora,204.185.218.161,Mozilla/5.0 (compatible; MSIE 9.0; Windows 95; Trident/3.0),2026-04-07 14:49:11
DEV-0008,movil,77.92.160.34,Mozilla/5.0 (compatible; MSIE 9.0; Windows NT 11.0; Trident/4.1),2026-04-17 05:30:29
DEV-0009,tablet,157.161.49.195,"Mozilla/5.0 (Linux; Android 4.4) AppleWebKit/531.2 (KHTML, like Gecko) Chrome/13.0.833.0 Safari/531.2",2026-04-06 18:13:51
DEV-0010,movil,106.127.233.35,"Mozilla/5.0 (Windows NT 4.0) AppleWebKit/534.2 (KHTML, like Gecko) Chrome/32.0.807.0 Safari/534.2",2026-04-29 15:24:42
DEV-0011,movil,14.178.216.20,"Mozilla/5.0 (Linux; Android 7.0) AppleWebKit/536.2 (KHTML, like Gecko) Chrome/22.0.801.0 Safari/536.2",2026-04-25 16:53:56
DEV-0012,movil,135.103.56.103,"Mozilla/5.0 (iPod; U; CPU iPhone OS 4_3 like Mac OS X; shs-CA) AppleWebKit/535.48.3 (KHTML, like Gecko) Version/4.0.5 Mobile/8B118 Safari/6535.48.3",2026-04-13 01:45:33
DEV-0013,smartwatch,49.101.164.15,"Mozilla/5.0 (Macintosh; PPC Mac OS X 10_8_4 rv:3.0; be-BY) AppleWebKit/531.45.4 (KHTML, like Gecko) Version/5.0 Safari/531.45.4",2026-04-23 18:20:07
DEV-0014,movil,126.106.77.223,"Mozilla/5.0 (Macintosh; U; Intel Mac OS X 10_5_6) AppleWebKit/534.0 (KHTML, like Gecko) Chrome/62.0.811.0 Safari/534.0",2026-04-23 10:29:12
DEV-0015,tablet,35.129.136.194,"Mozilla/5.0 (Linux; Android 2.2.3) AppleWebKit/533.0 (KHTML, like Gecko) Chrome/37.0.886.0 Safari/533.0",2026-04-23 19:35:11
DEV-0016,tablet,18.86.32.40,Opera/8.25.(Windows NT 6.2; nds-DE) Presto/2.9.177 Version/11.00,2026-04-04 03:09:33
DEV-0017,movil,145.142.246.184,Opera/9.61.(X11; Linux i686; ro-RO) Presto/2.9.169 Version/10.00,2026-04-03 04:14:04
DEV-0018,tablet,148.191.109.150,"Mozilla/5.0 (Windows NT 4.0) AppleWebKit/534.0 (KHTML, like Gecko) Chrome/48.0.842.0 Safari/534.0",2026-04-25 23:47:57
DEV-0019,computadora,54.196.222.207,"Mozilla/5.0 (Macintosh; U; PPC Mac OS X 10_6_1 rv:4.0; my-MM) AppleWebKit/531.37.1 (KHTML, like Gecko) Version/5.0.3 Safari/531.37.1",2026-04-24 00:06:38
DEV-0020,movil,221.125.57.250,"Mozilla/5.0 (X11; Linux i686) AppleWebKit/534.2 (KHTML, like Gecko) Chrome/32.0.809.0 Safari/534.2",2026-04-28 22:25:58
DEV-0021,smartwatch,64.176.17.98,"Mozilla/5.0 (iPod; U; CPU iPhone OS 3_0 like Mac OS X; fa-IR) AppleWebKit/531.34.4 (KHTML, like Gecko) Version/4.0.5 Mobile/8B111 Safari/6531.34.4",2026-04-08 08:46:47
DEV-0022,smartwatch,209.205.11.220,Mozilla/5.0 (Android 2.0; Mobile; rv:63.0) Gecko/63.0 Firefox/63.0,2026-04-13 14:01:34
DEV-0023,movil,213.103.253.15,"Mozilla/5.0 (X11; Linux i686) AppleWebKit/536.1 (KHTML, like Gecko) Chrome/37.0.863.0 Safari/536.1",2026-04-17 23:32:02
DEV-0024,computadora,217.172.246.141,"Mozilla/5.0 (Windows; U; Windows NT 5.01) AppleWebKit/534.20.6 (KHTML, like Gecko) Version/4.0.5 Safari/534.20.6",2026-04-28 20:36:26
DEV-0025,movil,173.80.140.142,Mozilla/5.0 (compatible; MSIE 9.0; Windows CE; Trident/3.1),2026-04-17 20:11:09
DEV-0026,movil,154.52.183.5,"Mozilla/5.0 (X11; Linux x86_64) AppleWebKit/536.2 (KHTML, like Gecko) Chrome/49.0.829.0 Safari/536.2",2026-04-27 03:32:28
DEV-0027,computadora,21.41.47.28,"Mozilla/5.0 (Windows NT 6.0) AppleWebKit/532.2 (KHTML, like Gecko) Chrome/62.0.881.0 Safari/532.2",2026-04-07 16:44:25
DEV-0028,movil,76.218.50.13,"Mozilla/5.0 (Windows; U; Windows NT 6.2) AppleWebKit/535.8.5 (KHTML, like Gecko) Version/4.0.1 Safari/535.8.5",2026-04-11 09:02:07
DEV-0029,smartwatch,95.245.127.87,Mozilla/5.0 (X11; Linux i686; rv:1.9.7.20) Gecko/8158-10-24 20:34:03 Firefox/6.0,2026-04-07 20:39:51
DEV-0030,computadora,162.145.235.69,"Mozilla/5.0 (Linux; Android 7.1.2) AppleWebKit/534.2 (KHTML, like Gecko) Chrome/58.0.831.0 Safari/534.2",2026-04-09 08:00:52
DEV-0031,tablet,145.230.247.138,"Mozilla/5.0 (Windows; U; Windows NT 10.0) AppleWebKit/535.13.5 (KHTML, like Gecko) Version/4.0.4 Safari/535.13.5",2026-04-20 00:38:29
DEV-0032,tablet,223.15.172.191,"Mozilla/5.0 (Macintosh; U; Intel Mac OS X 10_5_4 rv:4.0; tt-RU) AppleWebKit/533.18.3 (KHTML, like Gecko) Version/5.0.4 Safari/533.18.3",2026-04-19 15:40:06
DEV-0033,smartwatch,149.72.93.166,"Mozilla/5.0 (iPad; CPU iPad OS 2_2_1 like Mac OS X) AppleWebKit/531.2 (KHTML, like Gecko) CriOS/56.0.802.0 Mobile/42W640 Safari/531.2",2026-04-11 11:51:13
DEV-0034,movil,131.221.190.24,"Mozilla/5.0 (Windows; U; Windows NT 6.0) AppleWebKit/533.32.4 (KHTML, like Gecko) Version/5.1 Safari/533.32.4",2026-05-02 03:34:19
DEV-0035,smartwatch,179.237.159.60,"Mozilla/5.0 (Windows; U; Windows 95) AppleWebKit/535.47.2 (KHTML, like Gecko) Version/5.0 Safari/535.47.2",2026-04-20 05:08:08
DEV-0036,movil,197.108.54.121,Mozilla/5.0 (Macintosh; U; Intel Mac OS X 10_11_1; rv:1.9.6.20) Gecko/6157-01-25 12:33:50 Firefox/3.8,2026-04-30 04:04:39
DEV-0037,tablet,190.14.166.27,"Mozilla/5.0 (X11; Linux x86_64) AppleWebKit/532.2 (KHTML, like Gecko) Chrome/20.0.888.0 Safari/532.2",2026-04-19 06:39:32
DEV-0038,movil,99.100.163.162,Opera/9.65.(X11; Linux x86_64; mai-IN) Presto/2.9.183 Version/12.00,2026-04-23 00:18:24
DEV-0039,smartwatch,47.78.111.35,Mozilla/5.0 (Android 2.2.1; Mobile; rv:30.0) Gecko/30.0 Firefox/30.0,2026-04-25 19:50:25
DEV-0040,smartwatch,28.84.25.48,"Mozilla/5.0 (Macintosh; U; Intel Mac OS X 10_10_9 rv:6.0; kok-IN) AppleWebKit/535.42.2 (KHTML, like Gecko) Version/4.0.4 Safari/535.42.2",2026-04-21 21:29:54
DEV-0041,computadora,223.61.84.206,"Mozilla/5.0 (iPhone; CPU iPhone OS 16_7_6 like Mac OS X) AppleWebKit/532.0 (KHTML, like Gecko) CriOS/62.0.874.0 Mobile/46M561 Safari/532.0",2026-04-25 13:42:47
DEV-0042,smartwatch,93.21.147.112,Mozilla/5.0 (Android 11; Mobile; rv:52.0) Gecko/52.0 Firefox/52.0,2026-04-11 19:23:57
DEV-0043,movil,144.127.126.96,"Mozilla/5.0 (Macintosh; U; Intel Mac OS X 10_5_6) AppleWebKit/534.1 (KHTML, like Gecko) Chrome/14.0.870.0 Safari/534.1",2026-05-02 00:20:10
DEV-0044,smartwatch,128.39.169.13,Opera/9.54.(X11; Linux x86_64; ber-MA) Presto/2.9.173 Version/10.00,2026-04-09 05:40:27
DEV-0045,tablet,214.9.186.80,"Mozilla/5.0 (Macintosh; Intel Mac OS X 10_6_4) AppleWebKit/531.0 (KHTML, like Gecko) Chrome/40.0.840.0 Safari/531.0",2026-04-21 21:24:29
DEV-0046,movil,14.218.69.78,Mozilla/5.0 (compatible; MSIE 9.0; Windows NT 5.01; Trident/3.1),2026-04-19 02:35:07
DEV-0047,movil,189.206.231.223,Opera/9.32.(X11; Linux i686; am-ET) Presto/2.9.167 Version/11.00,2026-04-12 14:44:56
DEV-0048,computadora,204.149.161.147,Mozilla/5.0 (Macintosh; U; Intel Mac OS X 10_6_6; rv:1.9.4.20) Gecko/6617-07-08 20:29:31 Firefox/3.8,2026-04-20 15:44:15
DEV-0049,computadora,124.219.152.96,"Mozilla/5.0 (Macintosh; U; PPC Mac OS X 10_6_6) AppleWebKit/531.1 (KHTML, like Gecko) Chrome/20.0.894.0 Safari/531.1",2026-04-26 18:29:12
DEV-0050,tablet,16.130.100.242,Opera/9.16.(Windows CE; sv-SE) Presto/2.9.180 Version/12.00,2026-04-17 21:29:26
DEV-0051,tablet,179.65.19.131,Opera/8.62.(Windows NT 5.0; iw-IL) Presto/2.9.184 Version/10.00,2026-04-13 00:58:49
DEV-0052,computadora,161.24.3.53,"Mozilla/5.0 (Macintosh; Intel Mac OS X 10_9_5 rv:3.0; gu-IN) AppleWebKit/534.13.6 (KHTML, like Gecko) Version/5.0.4 Safari/534.13.6",2026-04-29 00:43:38
DEV-0053,smartwatch,14.47.167.13,Opera/8.15.(X11; Linux i686; ko-KR) Presto/2.9.187 Version/10.00,2026-04-27 16:54:17
DEV-0054,smartwatch,210.95.37.223,"Mozilla/5.0 (iPad; CPU iPad OS 6_1_6 like Mac OS X) AppleWebKit/535.0 (KHTML, like Gecko) CriOS/61.0.856.0 Mobile/06C212 Safari/535.0",2026-04-19 21:04:15
DEV-0055,movil,27.105.214.198,"Mozilla/5.0 (Linux; Android 2.2.2) AppleWebKit/532.2 (KHTML, like Gecko) Chrome/42.0.845.0 Safari/532.2",2026-04-22 14:02:25
DEV-0056,smartwatch,138.27.35.111,Mozilla/5.0 (compatible; MSIE 5.0; Windows CE; Trident/3.1),2026-04-25 10:16:02
DEV-0057,tablet,216.227.251.67,"Mozilla/5.0 (X11; Linux x86_64) AppleWebKit/535.1 (KHTML, like Gecko) Chrome/34.0.838.0 Safari/535.1",2026-04-05 21:11:28
DEV-0058,tablet,185.47.154.82,Mozilla/5.0 (Macintosh; Intel Mac OS X 10_5_1; rv:1.9.3.20) Gecko/8173-07-02 12:23:24 Firefox/3.6.15,2026-04-29 05:52:14
DEV-0059,computadora,60.62.244.68,Opera/9.26.(Windows NT 6.2; af-ZA) Presto/2.9.162 Version/12.00,2026-04-15 00:53:17
DEV-0060,smartwatch,173.131.249.89,"Mozilla/5.0 (iPad; CPU iPad OS 16_7_6 like Mac OS X) AppleWebKit/531.2 (KHTML, like Gecko) CriOS/29.0.839.0 Mobile/24J005 Safari/531.2",2026-04-26 01:06:18
DEV-0061,computadora,42.150.255.65,Mozilla/5.0 (compatible; MSIE 9.0; Windows NT 5.1; Trident/5.0),2026-04-17 23:59:44
DEV-0062,smartwatch,170.73.152.154,Mozilla/5.0 (compatible; MSIE 8.0; Windows 98; Trident/5.1),2026-04-25 12:15:33
DEV-0063,computadora,130.152.72.225,Mozilla/5.0 (compatible; MSIE 6.0; Windows NT 4.0; Trident/3.0),2026-04-18 15:49:26
DEV-0064,computadora,25.106.32.226,Mozilla/5.0 (compatible; MSIE 8.0; Windows NT 11.0; Trident/5.0),2026-04-13 03:12:24
DEV-0065,computadora,156.95.215.67,Mozilla/5.0 (Windows NT 6.0; tg-TJ; rv:1.9.2.20) Gecko/8339-10-28 11:52:17 Firefox/3.8,2026-05-01 08:23:17
DEV-0066,smartwatch,134.122.154.51,"Mozilla/5.0 (Windows; U; Windows NT 5.0) AppleWebKit/532.38.5 (KHTML, like Gecko) Version/4.0 Safari/532.38.5",2026-04-12 07:38:41
DEV-0067,smartwatch,52.108.182.220,Opera/9.40.(X11; Linux i686; tr-TR) Presto/2.9.187 Version/12.00,2026-04-25 12:37:47
DEV-0068,smartwatch,126.137.84.233,Mozilla/5.0 (Windows 98; Win 9x 4.90; cv-RU; rv:1.9.0.20) Gecko/4104-09-27 20:23:15 Firefox/7.0,2026-04-22 18:08:50
DEV-0069,movil,177.136.139.45,Mozilla/5.0 (X11; Linux x86_64; rv:1.9.5.20) Gecko/2869-06-21 21:03:57 Firefox/3.8,2026-04-18 06:59:46
DEV-0070,movil,29.236.118.132,Mozilla/5.0 (Macintosh; U; PPC Mac OS X 10_8_1; rv:1.9.6.20) Gecko/6362-11-06 20:48:46 Firefox/4.0,2026-04-21 18:29:27
DEV-0071,tablet,150.0.173.99,"Mozilla/5.0 (Windows NT 6.0) AppleWebKit/532.2 (KHTML, like Gecko) Chrome/31.0.894.0 Safari/532.2",2026-04-20 14:36:20
DEV-0072,computadora,118.85.1.10,Mozilla/5.0 (Windows NT 6.0; cs-CZ; rv:1.9.2.20) Gecko/6227-05-16 01:40:39 Firefox/3.6.20,2026-04-21 08:14:06
DEV-0073,smartwatch,173.69.205.192,"Mozilla/5.0 (iPad; CPU iPad OS 13_7 like Mac OS X) AppleWebKit/531.0 (KHTML, like Gecko) CriOS/41.0.883.0 Mobile/86J604 Safari/531.0",2026-04-12 22:42:18
DEV-0074,smartwatch,45.172.135.63,"Mozilla/5.0 (iPod; U; CPU iPhone OS 3_3 like Mac OS X; ko-KR) AppleWebKit/533.22.5 (KHTML, like Gecko) Version/3.0.5 Mobile/8B114 Safari/6533.22.5",2026-04-25 19:18:00
DEV-0075,computadora,85.235.235.160,"Mozilla/5.0 (Macintosh; PPC Mac OS X 10_10_2) AppleWebKit/534.1 (KHTML, like Gecko) Chrome/29.0.878.0 Safari/534.1",2026-04-30 14:06:05
DEV-0076,tablet,22.201.37.86,Mozilla/5.0 (compatible; MSIE 7.0; Windows NT 10.0; Trident/3.0),2026-04-14 04:53:52
DEV-0077,tablet,214.237.227.206,Opera/9.64.(Windows NT 11.0; ko-KR) Presto/2.9.180 Version/11.00,2026-04-13 22:13:52
DEV-0078,computadora,153.98.254.105,Mozilla/5.0 (compatible; MSIE 8.0; Windows 98; Trident/4.1),2026-04-24 06:02:59
DEV-0079,smartwatch,77.170.155.105,"Mozilla/5.0 (X11; Linux x86_64) AppleWebKit/536.0 (KHTML, like Gecko) Chrome/47.0.820.0 Safari/536.0",2026-04-11 11:14:59
DEV-0080,smartwatch,88.91.183.30,"Mozilla/5.0 (Macintosh; U; Intel Mac OS X 10_12_2 rv:3.0; lv-LV) AppleWebKit/534.46.4 (KHTML, like Gecko) Version/5.0 Safari/534.46.4",2026-04-24 15:22:33
DEV-0081,tablet,13.142.230.12,Mozilla/5.0 (Android 3.1; Mobile; rv:11.0) Gecko/11.0 Firefox/11.0,2026-04-04 22:21:35
DEV-0082,computadora,91.216.26.113,"Mozilla/5.0 (iPod; U; CPU iPhone OS 3_2 like Mac OS X; mn-MN) AppleWebKit/531.26.4 (KHTML, like Gecko) Version/3.0.5 Mobile/8B113 Safari/6531.26.4",2026-04-12 05:00:29
DEV-0083,smartwatch,24.164.93.250,Opera/8.50.(Windows 95; gez-ER) Presto/2.9.188 Version/11.00,2026-04-04 00:27:08
DEV-0084,computadora,83.177.159.2,Opera/9.98.(Windows 95; kw-GB) Presto/2.9.167 Version/11.00,2026-04-04 16:07:47
DEV-0085,tablet,115.195.252.8,"Mozilla/5.0 (X11; Linux i686) AppleWebKit/536.2 (KHTML, like Gecko) Chrome/55.0.897.0 Safari/536.2",2026-04-12 08:50:30
DEV-0086,movil,204.174.125.180,Opera/8.64.(Windows NT 10.0; en-PH) Presto/2.9.185 Version/10.00,2026-04-24 07:19:46
DEV-0087,computadora,30.174.121.233,Opera/9.73.(X11; Linux x86_64; ce-RU) Presto/2.9.160 Version/11.00,2026-04-20 08:19:42
DEV-0088,tablet,83.239.2.82,Opera/8.57.(Windows NT 11.0; fa-IR) Presto/2.9.190 Version/11.00,2026-04-28 08:02:28
DEV-0089,computadora,222.98.108.206,"Mozilla/5.0 (iPad; CPU iPad OS 12_4_8 like Mac OS X) AppleWebKit/536.2 (KHTML, like Gecko) FxiOS/10.9e1720.0 Mobile/14J443 Safari/536.2",2026-04-15 02:46:15
DEV-0090,tablet,70.43.188.167,"Mozilla/5.0 (iPod; U; CPU iPhone OS 4_2 like Mac OS X; unm-US) AppleWebKit/531.27.5 (KHTML, like Gecko) Version/4.0.5 Mobile/8B119 Safari/6531.27.5",2026-04-26 04:26:13
DEV-0091,tablet,156.110.138.64,"Mozilla/5.0 (Linux; Android 11) AppleWebKit/533.0 (KHTML, like Gecko) Chrome/62.0.818.0 Safari/533.0",2026-04-04 03:24:41
DEV-0092,movil,213.104.104.18,"Mozilla/5.0 (Windows NT 6.2) AppleWebKit/531.0 (KHTML, like Gecko) Chrome/57.0.830.0 Safari/531.0",2026-04-22 02:18:22
DEV-0093,computadora,138.95.69.3,"Mozilla/5.0 (Windows; U; Windows NT 11.0) AppleWebKit/535.50.1 (KHTML, like Gecko) Version/4.0 Safari/535.50.1",2026-04-28 14:15:40
DEV-0094,tablet,7.202.9.182,"Mozilla/5.0 (Windows NT 10.0) AppleWebKit/536.2 (KHTML, like Gecko) Chrome/23.0.828.0 Safari/536.2",2026-04-15 23:53:05
DEV-0095,movil,147.67.84.246,Mozilla/5.0 (compatible; MSIE 9.0; Windows NT 6.1; Trident/5.1),2026-04-25 04:27:52
DEV-0096,tablet,182.114.130.81,Mozilla/5.0 (Android 9; Mobile; rv:53.0) Gecko/53.0 Firefox/53.0,2026-04-02 19:37:53
DEV-0097,movil,183.227.218.88,"Mozilla/5.0 (iPad; CPU iPad OS 9_3_6 like Mac OS X) AppleWebKit/532.0 (KHTML, like Gecko) CriOS/27.0.866.0 Mobile/16H950 Safari/532.0",2026-04-23 15:11:47
DEV-0098,smartwatch,38.212.27.147,"Mozilla/5.0 (Windows 95) AppleWebKit/533.1 (KHTML, like Gecko) Chrome/42.0.898.0 Safari/533.1",2026-04-09 02:53:11
DEV-0099,computadora,212.82.2.85,Mozilla/5.0 (compatible; MSIE 9.0; Windows NT 4.0; Trident/5.1),2026-04-15 03:53:48
DEV-0100,tablet,222.201.133.145,Opera/8.91.(Windows 95; mag-IN) Presto/2.9.163 Version/10.00,2026-04-18 00:29:30
DEV-0101,movil,23.182.140.34,Opera/9.10.(Windows 95; hy-AM) Presto/2.9.180 Version/10.00,2026-04-05 19:45:56
DEV-0102,tablet,181.29.172.146,"Mozilla/5.0 (Macintosh; Intel Mac OS X 10_8_6) AppleWebKit/531.0 (KHTML, like Gecko) Chrome/40.0.811.0 Safari/531.0",2026-04-19 16:17:58
DEV-0103,tablet,200.187.177.35,Mozilla/5.0 (compatible; MSIE 7.0; Windows NT 10.0; Trident/3.1),2026-04-24 12:47:01
DEV-0104,movil,123.215.113.230,Mozilla/5.0 (compatible; MSIE 9.0; Windows CE; Trident/5.1),2026-05-02 00:06:37
DEV-0105,tablet,170.39.3.100,"Mozilla/5.0 (Linux; Android 2.3.4) AppleWebKit/533.0 (KHTML, like Gecko) Chrome/25.0.812.0 Safari/533.0",2026-04-12 18:00:52
DEV-0106,tablet,130.210.145.168,Mozilla/5.0 (Windows NT 5.0; brx-IN; rv:1.9.1.20) Gecko/7095-10-13 12:19:48 Firefox/3.8,2026-04-16 23:46:00
DEV-0107,tablet,138.193.22.145,Mozilla/5.0 (compatible; MSIE 9.0; Windows NT 6.1; Trident/4.0),2026-04-11 23:43:49
DEV-0108,tablet,220.23.187.228,"Mozilla/5.0 (Linux; Android 7.0) AppleWebKit/534.1 (KHTML, like Gecko) Chrome/32.0.851.0 Safari/534.1",2026-04-28 23:18:55
DEV-0109,smartwatch,14.143.80.185,Opera/9.69.(X11; Linux x86_64; niu-NU) Presto/2.9.175 Version/10.00,2026-04-23 17:42:25
DEV-0110,smartwatch,28.216.78.169,"Mozilla/5.0 (Windows 98; Win 9x 4.90) AppleWebKit/535.0 (KHTML, like Gecko) Chrome/44.0.844.0 Safari/535.0",2026-04-07 16:23:32
DEV-0111,tablet,93.179.19.204,Mozilla/5.0 (X11; Linux i686; rv:1.9.7.20) Gecko/9276-03-04 02:23:31 Firefox/3.8,2026-04-07 23:10:39
DEV-0112,movil,164.62.173.237,"Mozilla/5.0 (Macintosh; Intel Mac OS X 10_8_4) AppleWebKit/531.2 (KHTML, like Gecko) Chrome/41.0.838.0 Safari/531.2",2026-04-09 17:52:21
DEV-0113,smartwatch,195.87.96.37,"Mozilla/5.0 (iPhone; CPU iPhone OS 9_3_6 like Mac OS X) AppleWebKit/531.1 (KHTML, like Gecko) CriOS/46.0.871.0 Mobile/63W692 Safari/531.1",2026-04-07 13:54:09
DEV-0114,tablet,151.47.231.146,"Mozilla/5.0 (Macintosh; U; Intel Mac OS X 10_9_2 rv:6.0; fa-IR) AppleWebKit/533.42.3 (KHTML, like Gecko) Version/4.0 Safari/533.42.3",2026-04-06 00:07:54
DEV-0115,movil,52.208.111.45,Opera/9.65.(X11; Linux x86_64; ht-HT) Presto/2.9.175 Version/10.00,2026-04-14 08:42:13
DEV-0116,computadora,88.237.248.11,Mozilla/5.0 (Windows NT 4.0; fa-IR; rv:1.9.1.20) Gecko/7992-01-23 12:22:06 Firefox/3.8,2026-04-22 15:38:40
DEV-0117,tablet,31.77.126.26,Mozilla/5.0 (Macintosh; PPC Mac OS X 10_9_3; rv:1.9.5.20) Gecko/3773-06-20 06:10:36 Firefox/9.0,2026-04-28 07:12:17
DEV-0118,tablet,222.18.251.110,"Mozilla/5.0 (Macintosh; PPC Mac OS X 10_8_2 rv:3.0; nl-BE) AppleWebKit/533.38.1 (KHTML, like Gecko) Version/5.0.4 Safari/533.38.1",2026-04-16 05:02:35
DEV-0119,movil,176.108.73.238,"Mozilla/5.0 (Macintosh; U; PPC Mac OS X 10_11_2) AppleWebKit/534.1 (KHTML, like Gecko) Chrome/38.0.883.0 Safari/534.1",2026-04-23 15:20:27
DEV-0120,smartwatch,68.108.27.210,Opera/9.75.(X11; Linux x86_64; sid-ET) Presto/2.9.167 Version/10.00,2026-04-19 05:41:22
DEV-0121,movil,208.100.24.67,Mozilla/5.0 (compatible; MSIE 6.0; Windows NT 6.0; Trident/4.0),2026-05-02 03:19:51
DEV-0122,computadora,2.204.24.222,"Mozilla/5.0 (Macintosh; U; PPC Mac OS X 10_8_2 rv:6.0; mai-IN) AppleWebKit/531.10.5 (KHTML, like Gecko) Version/5.0.4 Safari/531.10.5",2026-05-01 04:30:43
DEV-0123,tablet,145.246.54.99,Mozilla/5.0 (compatible; MSIE 9.0; Windows 95; Trident/5.1),2026-04-30 19:18:49
DEV-0124,movil,29.177.235.54,Mozilla/5.0 (compatible; MSIE 7.0; Windows 98; Win 9x 4.90; Trident/4.1),2026-04-19 15:25:31
DEV-0125,computadora,193.179.92.169,"Mozilla/5.0 (iPhone; CPU iPhone OS 17_1_2 like Mac OS X) AppleWebKit/531.2 (KHTML, like Gecko) CriOS/52.0.883.0 Mobile/29N967 Safari/531.2",2026-04-13 15:23:29
DEV-0126,movil,100.129.210.31,"Mozilla/5.0 (iPad; CPU iPad OS 10_3_4 like Mac OS X) AppleWebKit/533.2 (KHTML, like Gecko) CriOS/31.0.802.0 Mobile/31Z302 Safari/533.2",2026-04-04 14:07:12
DEV-0127,tablet,179.221.251.10,"Mozilla/5.0 (iPod; U; CPU iPhone OS 4_0 like Mac OS X; wae-CH) AppleWebKit/534.2.4 (KHTML, like Gecko) Version/3.0.5 Mobile/8B111 Safari/6534.2.4",2026-04-27 11:17:26
DEV-0128,movil,167.144.252.41,Opera/9.69.(Windows 98; ka-GE) Presto/2.9.167 Version/11.00,2026-04-15 02:09:29
DEV-0129,movil,135.66.116.111,"Mozilla/5.0 (Macintosh; U; PPC Mac OS X 10_5_6 rv:5.0; ln-CD) AppleWebKit/535.17.1 (KHTML, like Gecko) Version/5.0.4 Safari/535.17.1",2026-04-07 15:47:56
DEV-0130,tablet,77.198.141.32,Mozilla/5.0 (compatible; MSIE 9.0; Windows NT 6.1; Trident/3.1),2026-04-09 10:06:12
DEV-0131,tablet,49.96.96.96,Mozilla/5.0 (X11; Linux x86_64; rv:1.9.7.20) Gecko/9245-12-24 04:41:58 Firefox/11.0,2026-05-01 14:12:49
DEV-0132,tablet,129.168.241.90,Mozilla/5.0 (compatible; MSIE 9.0; Windows 98; Win 9x 4.90; Trident/4.1),2026-04-21 04:49:51
DEV-0133,tablet,74.83.147.91,"Mozilla/5.0 (iPad; CPU iPad OS 11_4_1 like Mac OS X) AppleWebKit/531.0 (KHTML, like Gecko) FxiOS/17.3x9226.0 Mobile/59P334 Safari/531.0",2026-04-13 18:01:51
DEV-0134,movil,12.251.105.11,Opera/8.21.(Windows NT 5.01; sq-ML) Presto/2.9.185 Version/11.00,2026-04-23 03:54:02
DEV-0135,smartwatch,153.51.84.17,Mozilla/5.0 (compatible; MSIE 5.0; Windows NT 6.2; Trident/3.0),2026-04-04 03:26:42
DEV-0136,smartwatch,81.226.71.214,Opera/9.11.(Windows NT 5.2; zh-CN) Presto/2.9.163 Version/10.00,2026-04-25 18:46:07
DEV-0137,tablet,171.114.191.4,Mozilla/5.0 (Windows NT 11.0; csb-PL; rv:1.9.1.20) Gecko/5473-04-17 07:16:29 Firefox/3.6.4,2026-04-29 20:18:07
DEV-0138,computadora,8.45.74.35,Mozilla/5.0 (compatible; MSIE 8.0; Windows NT 6.2; Trident/4.0),2026-04-25 00:32:01
DEV-0139,tablet,113.108.78.46,Mozilla/5.0 (Windows NT 6.1; mi-NZ; rv:1.9.2.20) Gecko/8122-11-25 20:36:34 Firefox/3.8,2026-04-12 19:45:30
DEV-0140,movil,50.1.188.184,Mozilla/5.0 (compatible; MSIE 6.0; Windows 98; Win 9x 4.90; Trident/4.0),2026-04-03 09:25:16
DEV-0141,movil,48.116.193.180,"Mozilla/5.0 (Macintosh; PPC Mac OS X 10_11_4) AppleWebKit/536.2 (KHTML, like Gecko) Chrome/14.0.835.0 Safari/536.2",2026-04-14 23:42:47
DEV-0142,smartwatch,28.196.211.134,"Mozilla/5.0 (iPhone; CPU iPhone OS 16_7_7 like Mac OS X) AppleWebKit/536.2 (KHTML, like Gecko) FxiOS/17.3k3236.0 Mobile/24R697 Safari/536.2",2026-04-08 16:11:54
DEV-0143,tablet,60.163.139.211,Mozilla/5.0 (Android 2.2; Mobile; rv:64.0) Gecko/64.0 Firefox/64.0,2026-04-27 12:54:28
DEV-0144,computadora,45.85.152.226,"Mozilla/5.0 (iPhone; CPU iPhone OS 10_3_3 like Mac OS X) AppleWebKit/533.1 (KHTML, like Gecko) FxiOS/13.3m8989.0 Mobile/49F267 Safari/533.1",2026-04-19 06:27:07
DEV-0145,computadora,51.11.51.44,Mozilla/5.0 (compatible; MSIE 5.0; Windows NT 5.01; Trident/4.0),2026-04-24 19:12:38
DEV-0146,tablet,169.35.90.64,Opera/8.89.(Windows NT 5.0; br-FR) Presto/2.9.165 Version/12.00,2026-04-13 06:02:16
DEV-0147,movil,78.220.65.212,"Mozilla/5.0 (X11; Linux i686) AppleWebKit/536.2 (KHTML, like Gecko) Chrome/50.0.841.0 Safari/536.2",2026-04-30 06:35:55
DEV-0148,movil,213.40.10.1,"Mozilla/5.0 (X11; Linux i686) AppleWebKit/536.0 (KHTML, like Gecko) Chrome/16.0.859.0 Safari/536.0",2026-04-11 07:21:10
DEV-0149,smartwatch,167.8.97.17,Mozilla/5.0 (Windows NT 6.1; ff-SN; rv:1.9.0.20) Gecko/9433-06-27 17:08:10 Firefox/3.8,2026-04-19 20:31:32
